id,email,password,full_name,sec_level
1,ccaselli0@fda.gov,xnzFBT2d9H,Cointon Caselli,2
2,akoschke1@auda.org.au,Ox5zOcWej,Annmaria Koschke,1
3,slinton2@wikimedia.org,RxHFE04gKFS,Seumas Linton,1
4,rkynton3@abc.net.au,3g1RPfl2JwGZ,Rodi Kynton,2
5,nnare4@naver.com,mpcpHU26pyq,Nickolai Nare,3
6,swilde5@jalbum.net,R58inZ,Shannon Wilde,2
7,mgyves6@g.co,vcwmBr,Marion Gyves,3
8,bimmer7@ucsd.edu,iuxRiWJwU,Bette Immer,1
9,abonhome8@friendfeed.com,jp7I1etF,Andres Bonhome,2
10,dwhiten9@auda.org.au,0POKRB,Darbee Whiten,2
11,jmiettinena@imdb.com,HRMoToE,Judie Miettinen,1
12,cbollenb@uiuc.edu,YAgYSPWc6vB7,Collette Bollen,2
13,astonmanc@rediff.com,0Bq08cic,Annamarie Stonman,3
14,bgoodad@sohu.com,VnlKdHG,Blinny Gooda,2
15,kdurrante@imageshack.us,ql922Um3ddH4,Kaleena Durrant,1
16,oclymaf@wiley.com,OBgg2ypv,Orelle Clyma,1
17,lschukraftg@flavors.me,imAURhfr0,Laureen Schukraft,3
18,nlamonbyh@aol.com,VIRHIihI0eh,Nilson Lamonby,1
19,gchudleighi@jigsy.com,ghtylQqP,Garvin Chudleigh,2
20,mhawkswellj@mapy.cz,dS6uEz5,Mayor Hawkswell,3
21,cpleasantsk@deliciousdays.com,Aw12jDP2G,Christopher Pleasants,3
22,dpidcockl@addthis.com,mi0dEjeVC8,Daven Pidcock,1
23,kpethybridgem@nature.com,ySeVWPsyvYmD,Katalin Pethybridge,2
24,tmethn@icq.com,jOqHIhYx0c,Tressa Meth,2
25,mlyttleo@sogou.com,on5y3q2w,Madelene Lyttle,3
26,kconklinp@hc360.com,EAInti7,Katleen Conklin,1
27,vwhettletonq@elegantthemes.com,lzquVI,Vasilis Whettleton,1
28,rbarensr@ft.com,S8UaATBw,Rea Barens,1
29,lbachs@timesonline.co.uk,26Bsuwvxw,Lissa Bach,1
30,scluittt@sakura.ne.jp,UBIjvlGvAS,Sarine Cluitt,1
31,beddowu@mail.ru,dp8KhMCbXmp,Breanne Eddow,3
32,mbenoistv@digg.com,3OAoetP,Marris Benoist,3
33,iambrozikw@posterous.com,J0Ch3zr,Ingemar Ambrozik,3
34,bjarmainx@latimes.com,oNnBYqLL,Betsy Jarmain,1
35,pplutheroy@dion.ne.jp,N2WWBDaa8,Padgett Pluthero,3
36,roheneghanz@blog.com,MbLakArys,Rosita O'Heneghan,1
37,gfilson10@nifty.com,aRLFsN01l149,Gallagher Filson,1
38,stowhey11@ning.com,aFrVFLRE,Sim Towhey,3
39,bbaistow12@bbb.org,mRQEz9FAjEq,Buddy Baistow,3
40,bvanderson13@arstechnica.com,V6EMxeLU41,Berton Vanderson,3
41,rtownby14@bbb.org,T2DF64tAAcI,Rod Townby,1
42,kemsden15@slashdot.org,97JqI6u,Kiah Emsden,2
43,lbondesen16@craigslist.org,uhNvIqtIL,Layla Bondesen,2
44,aespadate17@surveymonkey.com,FPguohNWz,Albina Espadate,2
45,ghounsom18@craigslist.org,779zJyldumR,Germayne Hounsom,3
46,wbirrane19@google.co.uk,Y2hcQ7Pmi,Walther Birrane,2
47,crangell1a@narod.ru,dLmIV0TlHkG2,Colene Rangell,3
48,kquiddinton1b@irs.gov,2xfLSNT6,Karel Quiddinton,3
49,nchristian1c@discuz.net,7WoVxqA0xIUM,Nicolai Christian,2
50,tmessingham1d@myspace.com,WoPzQLUj,Tommy Messingham,3
